{
  "國道1號": {
    "0.5": [
      25.11849764547241,
      121.7318377075154
    ],
    "1.5": [
      25.11098782232313,
      121.7267271689526
    ],
    "3.5": [
      25.10121850923983,
      121.7123364604564
    ],
    "5.5": [
      25.09279929054544,
      121.6966958459847
    ],
    "8.0": [
      25.08492039592254,
      121.6757152642107
    ],
    "10.5": [
      25.07385147068322,
      121.654334453425
    ],
    "12.0": [
      25.07121228470393,
      121.6397742495392
    ],
    "14.0": [
      25.06599328061113,
      121.6213738565497
    ],
    "16.0": [
      25.06374440080308,
      121.6017236714964
    ],
    "20.0": [
      25.07070676840256,
      121.5635141145814
    ],
    "24.0": [
      25.0749091222678,
      121.5247843572261
    ],
    "26.0": [
      25.07757031029358,
      121.505394516811
    ],
    "29.5": [
      25.07468225783507,
      121.4715442577604
    ],
    "32.5": [
      25.06951385971068,
      121.4428838427959
    ],
    "34.0": [
      25.0677046948194,
      121.4282036890578
    ],
    "38.0": [
      25.06061651675086,
      121.3952531259014
    ],
    "45.0": [
      25.05751029685701,
      121.3302527805472
    ],
    "50.5": [
      25.02933240258772,
      121.2862506876281
    ],
    "54.5": [
      25.0052637274814,
      121.2566589140646
    ],
    "58.0": [
      24.98297477967538,
      121.2321572777585
    ],
    "60.5": [
      24.96752557134751,
      121.2141161412514
    ],
    "63.5": [
      24.94756632442119,
      121.1953546832447
    ],
    "66.0": [
      24.93070686184557,
      121.1811534556964
    ],
    "68.0": [
      24.91834741622035,
      121.1680225494398
    ],
    "70.0": [
      24.90270764890658,
      121.1593514226275
    ],
    "77.0": [
      24.88685123209774,
      121.0935801311595
    ],
    "87.0": [
      24.8550454685391,
      121.0117676574966
    ],
    "93.0": [
      24.80651468815057,
      121.0101842334381
    ],
    "97.0": [
      24.77138445650052,
      121.0033517424187
    ],
    "104.5": [
      24.726716638492,
      120.9522684514399
    ],
    "117.5": [
      24.64534968676239,
      120.8747525038505
    ],
    "128.5": [
      24.5568300017423,
      120.8415462192838
    ],
    "136.0": [
      24.50449153439449,
      120.7986324292308
    ],
    "145.0": [
      24.43406140918688,
      120.7783874750991
    ],
    "155.0": [
      24.35542250869979,
      120.7342418788304
    ],
    "162.5": [
      24.29806361129398,
      120.6966877839565
    ],
    "166.5": [
      24.26232321851086,
      120.6919353110088
    ],
    "171.0": [
      24.22315303085155,
      120.6825025883883
    ],
    "176.0": [
      24.1964547721886,
      120.6435706009157
    ],
    "179.5": [
      24.16960526846455,
      120.6261786922784
    ],
    "185.0": [
      24.12165494447024,
      120.6161153778367
    ],
    "190.5": [
      24.11502745257405,
      120.5702347264317
    ],
    "195.0": [
      24.09305904358668,
      120.5352630737122
    ],
    "202.5": [
      24.02946873113527,
      120.5196386806391
    ],
    "209.0": [
      23.97239841122023,
      120.5062447514451
    ],
    "215.5": [
      23.91502781139189,
      120.4976008345969
    ],
    "225.0": [
      23.83102693355783,
      120.484895118857
    ],
    "232.5": [
      23.7658365692264,
      120.4693806717035
    ],
    "237.5": [
      23.72194540281935,
      120.475157764353
    ],
    "241.5": [
      23.68720510547083,
      120.4686854140519
    ],
    "246.5": [
      23.64731561698486,
      120.446122644443
    ],
    "253.5": [
      23.58600529598852,
      120.4309784944174
    ],
    "260.5": [
      23.52738557424372,
      120.4060244830799
    ],
    "267.0": [
      23.47545604887038,
      120.3797709145607
    ],
    "271.0": [
      23.44222619506859,
      120.3657186491665
    ],
    "280.0": [
      23.36520581337515,
      120.3459334788494
    ],
    "293.5": [
      23.27136849144194,
      120.2653068878491
    ],
    "301.0": [
      23.20935884503478,
      120.2371726814775
    ],
    "307.0": [
      23.15584815414605,
      120.230739162242
    ],
    "313.0": [
      23.10454619935841,
      120.2478359325285
    ],
    "317.0": [
      23.06892521087065,
      120.2531036569249
    ],
    "321.5": [
      23.02870462650724,
      120.2494310378538
    ],
    "325.5": [
      22.99304398886564,
      120.2483387320928
    ],
    "328.5": [
      22.96618336058864,
      120.2501970139861
    ],
    "334.0": [
      22.91861188882184,
      120.2600140148357
    ],
    "340.0": [
      22.86941960281593,
      120.2841210039174
    ],
    "345.5": [
      22.82575739133665,
      120.3089183570417
    ],
    "352.5": [
      22.7657051281135,
      120.3289246461177
    ],
    "359.0": [
      22.70857398178549,
      120.3296210222909
    ],
    "364.5": [
      22.65960291762865,
      120.3316979334822
    ],
    "368.0": [
      22.62901206812198,
      120.3364060270195
    ],
    "369.5": [
      22.61559174821467,
      120.3374951864617
    ],
    "371.0": [
      22.60297123265427,
      120.3424744188709
    ],
    "373.0": [
      22.58822149840334,
      120.3323234305791
    ]
  },
  "國道3號": {
    "1.0": [
      25.13576943537447,
      121.7063189119418
    ],
    "6.0": [
      25.10044049814904,
      121.6783563693934
    ],
    "11.0": [
      25.0711719485958,
      121.6454642532991
    ],
    "13.0": [
      25.05500215406414,
      121.6373830962598
    ],
    "15.0": [
      25.04244268878951,
      121.6247321898412
    ],
    "16.0": [
      25.03482284517874,
      121.6199116438193
    ],
    "18.0": [
      25.02454363951352,
      121.6034708932377
    ],
    "23.0": [
      24.98222381415459,
      121.5884078780123
    ],
    "28.5": [
      24.96107606060457,
      121.5440963202341
    ],
    "33.0": [
      24.97751835001593,
      121.5098574292958
    ],
    "38.5": [
      24.97628101756317,
      121.4640972663722
    ],
    "44.0": [
      24.95417330526237,
      121.4187356226606
    ],
    "48.0": [
      24.95094548433755,
      121.3807053235268
    ],
    "52.0": [
      24.93441717982054,
      121.3469940887641
    ],
    "58.0": [
      24.91862986164259,
      121.2966728683586
    ],
    "65.0": [
      24.87748195452755,
      121.2487698583191
    ],
    "70.5": [
      24.85204416629287,
      121.2034479579473
    ],
    "76.0": [
      24.80378359579654,
      121.1986845511123
    ],
    "84.5": [
      24.79213760889102,
      121.126623548053
    ],
    "94.0": [
      24.76106156241403,
      121.0496211530002
    ],
    "99.0": [
      24.7567341550762,
      121.0039807161387
    ],
    "101.5": [
      24.75771558294963,
      120.9798907114115
    ],
    "106.0": [
      24.75268801057315,
      120.9368702247911
    ],
    "112.0": [
      24.71620976680943,
      120.8955275323908
    ],
    "117.0": [
      24.69245174412104,
      120.8542957293313
    ],
    "121.5": [
      24.65601198434942,
      120.8387431257747
    ],
    "127.0": [
      24.61542290002923,
      120.810270191423
    ],
    "137.0": [
      24.54989536296895,
      120.7472353937944
    ],
    "150.0": [
      24.45476758907727,
      120.6784785232246
    ],
    "160.0": [
      24.36843681891128,
      120.6639324965387
    ],
    "166.5": [
      24.32701826378035,
      120.6255294835502
    ],
    "172.5": [
      24.28074894132257,
      120.5987161879756
    ],
    "179.0": [
      24.22635846779922,
      120.5891524157949
    ],
    "186.5": [
      24.17549995380515,
      120.546638748415
    ],
    "193.5": [
      24.12542000629639,
      120.529185250801
    ],
    "199.0": [
      24.10348692962775,
      120.5755439638597
    ],
    "204.5": [
      24.08249380903488,
      120.6230827428585
    ],
    "208.0": [
      24.06762189766704,
      120.6515618537667
    ],
    "210.0": [
      24.06137073932344,
      120.6697515065374
    ],